ksh	Colognian	Kölsch
sr-ME	Serbian (Montenegro)	српски (Црна Гора)
fr-SY	French (Syria)	français (Syrie)
fr-TD	French (Chad)	français (Tchad)
fr-TG	French (Togo)	français (Togo)
ccp	Chakma	𑄌𑄋𑄴𑄟𑄳𑄦
se-SE	Northern Sami (Sweden)	davvisámegiella (Ruoŧŧa)
to-Latn-TO	Tongan (Latin, Tonga)	lea fakatonga (tohinima fakalatina, Tonga)
kgp-Latn-BR	Kaingang (Latin, Brazil)	kanhgág (ratĩnh, Mrasir)
fr-SN	French (Senegal)	français (Sénégal)
ff-Latn-MR	Fula (Latin, Mauritania)	Pulaar (Latin, Muritani)
ar-BH	Arabic (Bahrain)	العربية (البحرين)
raj	Rajasthani	राजस्थानी
teo	Teso	Kiteso
uk-Cyrl-UA	Ukrainian (Cyrillic, Ukraine)	українська (кирилиця, Україна)
zh-CN	Chinese (China)	中文 (中国)
fr-RW	French (Rwanda)	français (Rwanda)
yo-Latn-NG	Yoruba (Latin, Nigeria)	Èdè Yorùbá (Èdè Látìn, Nàìjíríà)
ff-Latn-NG	Fula (Latin, Nigeria)	Pulaar (Latin, Nijeriyaa)
ne-Deva-NP	Nepali (Devanagari, Nepal)	नेपाली (देवानागरी, नेपाल)
es-419	Spanish (Latin America)	español (Latinoamérica)
ff-Latn-NE	Fula (Latin, Niger)	Pulaar (Latin, Nijeer)
kam-Latn-KE	Kamba (Latin, Kenya)	Kikamba (Latin, Kenya)
fr-SC	French (Seychelles)	français (Seychelles)
gaa-GH	Ga (Ghana)	Gã (Ghana)
ar-AE	Arabic (United Arab Emirates)	العربية (الإمارات العربية المتحدة)
fur-IT	Friulian (Italy)	furlan (Italie)
ru-UA	Russian (Ukraine)	русский (Украина)
ru-Cyrl-RU	Russian (Cyrillic, Russia)	русский (кириллица, Россия)
xnr	Kangri	कांगड़ी
uz-UZ	Uzbek (Uzbekistan)	o‘zbek (Oʻzbekiston)
dsb-Latn-DE	Lower Sorbian (Latin, Germany)	dolnoserbšćina (łatyński, Nimska)
ha-NE	Hausa (Niger)	Hausa (Nijar)
ms-BN	Malay (Brunei)	Melayu (Brunei)
ceb	Cebuano	Cebuano
ha-NG	Hausa (Nigeria)	Hausa (Nijeriya)
hi-Latn	Hindi (Latin)	Hindi (Latin)
uz-Latn	Uzbek (Latin)	o‘zbek (lotin)
shi-Latn-MA	Tachelhit (Latin, Morocco)	Tashelḥiyt (Latin, lmɣrib)
xog	Soga	Olusoga
ca-Latn-ES	Catalan (Latin, Spain)	català (llatí, Espanya)
twq-Latn-NE	Tasawaq (Latin, Niger)	Tasawaq senni (Latin, Nižer)
kxv-Telu	Kuvi (Telugu)	కువి (తెలుగు)
shi-Tfng-MA	Tachelhit (Tifinagh, Morocco)	ⵜⴰⵛⵍⵃⵉⵜ (Tifinagh, ⵍⵎⵖⵔⵉⴱ)
ar-DJ	Arabic (Djibouti)	العربية (جيبوتي)
mzn	Mazanderani	مازرونی
smn-Latn-FI	Inari Sami (Latin, Finland)	anarâškielâ (Latin, Suomâ)
sat-Olck	Santali (Ol Chiki)	ᱥᱟᱱᱛᱟᱲᱤ (ᱚᱞ ᱪᱤᱠᱤ)
yue-Hant-MO	Cantonese (Traditional, Macao SAR China)	粵語 (繁體，中國澳門特別行政區)
fr-TN	French (Tunisia)	français (Tunisie)
ff-Latn-LR	Fula (Latin, Liberia)	Pulaar (Latin, Liberiyaa)
bs-BA	Bosnian (Bosnia & Herzegovina)	bosanski (Bosna i Hercegovina)
om-Latn-ET	Oromo (Latin, Ethiopia)	Oromoo (Laatinii, Itoophiyaa)
my-MM	Burmese (Myanmar (Burma))	မြန်မာ (မြန်မာ)
en-150	English (Europe)	English (Europe)
cgg	Chiga	Rukiga
it-Latn-IT	Italian (Latin, Italy)	italiano (latino, Italia)
eo-001	Esperanto (world)	Esperanto (mondo)
az-Cyrl	Azerbaijani (Cyrillic)	азәрбајҹан (Кирил)
zh-HK	Chinese (Hong Kong SAR China)	中文 (中國香港特別行政區)
bm-Latn-ML	Bambara (Latin, Mali)	bamanakan (Latin, Mali)
ja-JP	Japanese (Japan)	日本語 (日本)
vai-Vaii	Vai (Vai)	ꕙꔤ (Vai)
am-Ethi-ET	Amharic (Ethiopic, Ethiopia)	አማርኛ (ኢትዮፒክ፣ ኢትዮጵያ)
ln-Latn-CD	Lingala (Latin, Congo - Kinshasa)	lingála (Latin, Republíki ya Kongó Demokratíki)
br-Latn-FR	Breton (Latin, France)	brezhoneg (latin, Frañs)
pl-Latn-PL	Polish (Latin, Poland)	polski (łacińskie, Polska)
zgh-Tfng-MA	Standard Moroccan Tamazight (Tifinagh, Morocco)	ⵜⴰⵎⴰⵣⵉⵖⵜ (Tifinagh, ⵍⵎⵖⵔⵉⴱ)
rw-Latn-RW	Kinyarwanda (Latin, Rwanda)	Ikinyarwanda (Latin, U Rwanda)
vmw	Makhuwa	emakhuwa
ro-MD	Romanian (Moldova)	română (Republica Moldova)
dje-Latn-NE	Zarma (Latin, Niger)	Zarmaciine (Latin, Nižer)
fo-Latn-FO	Faroese (Latin, Faroe Islands)	føroyskt (latínskt, Føroyar)
lv-LV	Latvian (Latvia)	latviešu (Latvija)
sms-Latn-FI	Skolt Sami (Latin, Finland)	sääʹmǩiõll (Latin, Finland)
kxv	Kuvi	kuvi
nus-SS	Nuer (South Sudan)	Thok Nath (South Sudan)
ar-DZ	Arabic (Algeria)	العربية (الجزائر)
fr-WF	French (Wallis & Futuna)	français (Wallis-et-Futuna)
chr	Cherokee	ᏣᎳᎩ
be-TARASK	Belarusian (Taraskievica orthography)	беларуская (TARASK)
xnr-IN	Kangri (India)	कांगड़ी (भारत)
ar-ER	Arabic (Eritrea)	العربية (إريتريا)
ur-IN	Urdu (India)	اردو (بھارت)
zh-Latn-CN	Chinese (Latin, China)	Chinese (Latin, China)
ar-EH	Arabic (Western Sahara)	العربية (الصحراء الغربية)
kok-Deva-IN	Konkani (Devanagari, India)	कोंकणी (देवनागरी, भारत)
fr-VU	French (Vanuatu)	français (Vanuatu)
shi-Tfng	Tachelhit (Tifinagh)	ⵜⴰⵛⵍⵃⵉⵜ (Tifinagh)
ar-EG	Arabic (Egypt)	العربية (مصر)
ks-IN	Kashmiri (India)	کٲشُر (ہِندوستان)
sbp-TZ	Sangu (Tanzania)	Ishisangu (Tansaniya)
hy-AM	Armenian (Armenia)	հայերեն (Հայաստան)
mas-KE	Masai (Kenya)	Maa (Kenya)
sr-RS	Serbian (Serbia)	српски (Србија)
fr-YT	French (Mayotte)	français (Mayotte)
nyn-Latn-UG	Nyankole (Latin, Uganda)	Runyankore (Latin, Uganda)
nso-Latn-ZA	Northern Sotho (Latin, South Africa)	Sesotho sa Leboa (SeLatina, Afrika Borwa)
pcm	Nigerian Pidgin	Naijíriá Píjin
ce-Cyrl-RU	Chechen (Cyrillic, Russia)	нохчийн (кириллица, Росси)
sr-Cyrl-BA	Serbian (Cyrillic, Bosnia & Herzegovina)	српски (ћирилица, Босна и Херцеговина)
kok-IN	Konkani (India)	कोंकणी (भारत)
ckb	Central Kurdish	کوردیی ناوەندی
ko-CN	Korean (China)	한국어 (중국)
vmw-MZ	Makhuwa (Mozambique)	emakhuwa (oMosambikhi)
ln-AO	Lingala (Angola)	lingála (Angóla)
pt-AO	Portuguese (Angola)	português (Angola)
sat-IN	Santali (India)	ᱥᱟᱱᱛᱟᱲᱤ (ᱤᱱᱰᱤᱭᱟ)
gsw	Swiss German	Schwiizertüütsch
agq	Aghem	Aghem
kok-Latn	Konkani (Latin)	Konknni (Romi)
ro-RO	Romanian (Romania)	română (România)
vec-IT	Venetian (Italy)	veneto (Italia)
sa-Deva-IN	Sanskrit (Devanagari, India)	संस्कृत भाषा (Devanagari, भारतः)
ar-JO	Arabic (Jordan)	العربية (الأردن)
naq	Nama	Khoekhoegowab
pa-Arab	Punjabi (Arabic)	پنجابی (عربی)
fy-Latn-NL	Western Frisian (Latin, Netherlands)	Frysk (Latyn, Nederlân)
lt-LT	Lithuanian (Lithuania)	lietuvių (Lietuva)
szl-PL	Silesian (Poland)	ślōnski (Polska)
ca-AD	Catalan (Andorra)	català (Andorra)
ne-IN	Nepali (India)	नेपाली (भारत)
jgo-Latn-CM	Ngomba (Latin, Cameroon)	Ndaꞌa (mík -ŋwaꞌnɛ yi ɛ́ líŋɛ́nɛ Latɛ̂ŋ, Kamɛlûn)
ar-IQ	Arabic (Iraq)	العربية (العراق)
sbp-Latn-TZ	Sangu (Latin, Tanzania)	Ishisangu (Latin, Tansaniya)
ar-IL	Arabic (Israel)	العربية (إسرائيل)
vai-Vaii-LR	Vai (Vai, Liberia)	ꕙꔤ (Vai, ꕞꔤꔫꕩ)
pt-CV	Portuguese (Cape Verde)	português (Cabo Verde)
qu-BO	Quechua (Bolivia)	Runasimi (Bolivia)
khq-ML	Koyra Chiini (Mali)	Koyra ciini (Maali)
ar-LB	Arabic (Lebanon)	العربية (لبنان)
guz	Gusii	Ekegusii
bo-Tibt-CN	Tibetan (Tibetan, China)	བོད་སྐད་ (བོད་ཡིག་, རྒྱ་ནག)
tok	Toki Pona	toki pona
ln-CD	Lingala (Congo - Kinshasa)	lingála (Republíki ya Kongó Demokratíki)
ksh-Latn-DE	Colognian (Latin, Germany)	Kölsch (lateinesche Schreff uß Doütschland)
ar-LY	Arabic (Libya)	العربية (ليبيا)
ln-CG	Lingala (Congo - Brazzaville)	lingála (Kongo)
ff-Latn-CM	Fula (Latin, Cameroon)	Pulaar (Latin, Kameruun)
bo-CN	Tibetan (China)	བོད་སྐད་ (རྒྱ་ནག)
haw-Latn-US	Hawaiian (Latin, United States)	ʻŌlelo Hawaiʻi (Latin, ʻAmelika Hui Pū ʻIa)
bez-Latn-TZ	Bena (Latin, Tanzania)	Hibena (Latin, Hutanzania)
ln-CF	Lingala (Central African Republic)	lingála (Repibiki ya Afríka ya Káti)
ku-TR	Kurdish (Türkiye)	kurdî (kurmancî) (Tirkîye)
sms-FI	Skolt Sami (Finland)	sääʹmǩiõll (Finland)
be-Cyrl-BY	Belarusian (Cyrillic, Belarus)	беларуская (кірыліца, Беларусь)
pt-CH	Portuguese (Switzerland)	português (Suíça)
pt-BR	Portuguese (Brazil)	português (Brasil)
is-Latn-IS	Icelandic (Latin, Iceland)	íslenska (latneskt, Ísland)
zh-MO	Chinese (Macao SAR China)	中文 (中國澳門特別行政區)
kxv-Latn	Kuvi (Latin)	kuvi (laṭin)
naq-NA	Nama (Namibia)	Khoekhoegowab (Namibiab)
ur-PK	Urdu (Pakistan)	اردو (پاکستان)
ceb-Latn-PH	Cebuano (Latin, Philippines)	Cebuano (Latin, Pilipinas)
ar-KW	Arabic (Kuwait)	العربية (الكويت)
ms-ID	Malay (Indonesia)	Melayu (Indonesia)
kab-DZ	Kabyle (Algeria)	Taqbaylit (Lezzayer)
ku-Latn-TR	Kurdish (Latin, Türkiye)	kurdî (kurmancî) (latînî, Tirkîye)
wo-Latn-SN	Wolof (Latin, Senegal)	Wolof (Latin, Senegaal)
nds	Low German	Neddersass’sch
qu-Latn-PE	Quechua (Latin, Peru)	Runasimi (Latin Simi, Perú)
ar-KM	Arabic (Comoros)	العربية (جزر القمر)
st-ZA	Southern Sotho (South Africa)	Sesotho (Afrika Borwa)
cy-Latn-GB	Welsh (Latin, United Kingdom)	Cymraeg (Lladin, Y Deyrnas Unedig)
lg-UG	Ganda (Uganda)	Luganda (Yuganda)
lij-Latn-IT	Ligurian (Latin, Italy)	ligure (latin, Italia)
pa-Guru	Punjabi (Gurmukhi)	ਪੰਜਾਬੀ (ਗੁਰਮੁਖੀ)
ca-FR	Catalan (France)	català (França)
syr-Syrc-IQ	Syriac (Syriac, Iraq)	ܣܘܪܝܝܐ (ܣܘܪܝܬ، ܥܝܪܩ)
gd-Latn-GB	Scottish Gaelic (Latin, United Kingdom)	Gàidhlig (Laideann, An Rìoghachd Aonaichte)
ff-GN	Fula (Guinea)	Pulaar (Gine)
ne-NP	Nepali (Nepal)	नेपाली (नेपाल)
vun	Vunjo	Kyivunjo
kxv-IN	Kuvi (India)	kuvi (inḍiā)
lag	Langi	Kɨlaangi
pis	Pijin	Pijin
sr-Cyrl-ME	Serbian (Cyrillic, Montenegro)	српски (ћирилица, Црна Гора)
et-EE	Estonian (Estonia)	eesti (Eesti)
tg-Cyrl-TJ	Tajik (Cyrillic, Tajikistan)	тоҷикӣ (Кириллӣ, Тоҷикистон)
ca-ES	Catalan (Spain)	català (Espanya)
teo-UG	Teso (Uganda)	Kiteso (Uganda)
yi-UA	Yiddish (Ukraine)	ייִדיש (אוקראַינע)
sk-Latn-SK	Slovak (Latin, Slovakia)	slovenčina (latinka, Slovensko)
ar-MA	Arabic (Morocco)	العربية (المغرب)
ee-GH	Ewe (Ghana)	eʋegbe (Ghana nutome)
rwk-TZ	Rwa (Tanzania)	Kiruwa (Tanzania)
nso-ZA	Northern Sotho (South Africa)	Sesotho sa Leboa (Afrika Borwa)
gaa-Latn-GH	Ga (Latin, Ghana)	Gã (Niŋmaa Ni Asharaa Yiteŋ, Ghana)
dz-Tibt-BT	Dzongkha (Tibetan, Bhutan)	རྫོང་ཁ (ང་བཅས་ཀྱི་ཡིག་གུ་, འབྲུག)
ii-CN	Sichuan Yi (China)	ꆈꌠꉙ (ꍏꇩ)
ar-MR	Arabic (Mauritania)	العربية (موريتانيا)
pt-GW	Portuguese (Guinea-Bissau)	português (Guiné-Bissau)
hu-Latn-HU	Hungarian (Latin, Hungary)	magyar (Latin, Magyarország)
luo-KE	Luo (Kenya)	Dholuo (Kenya)
rof	Rombo	Kihorombo
uz-Cyrl-UZ	Uzbek (Cyrillic, Uzbekistan)	ўзбекча (Кирил, Ўзбекистон)
ewo-Latn-CM	Ewondo (Latin, Cameroon)	ewondo (Latin, Kamərún)
ti-ET	Tigrinya (Ethiopia)	ትግርኛ (ኢትዮጵያ)
el-Grek-GR	Greek (Greek, Greece)	Ελληνικά (Ελληνικό, Ελλάδα)
ff-Latn-GW	Fula (Latin, Guinea-Bissau)	Pulaar (Latin, Gine-Bisaawo)
bn-Beng-BD	Bangla (Bangla, Bangladesh)	বাংলা (বাংলা, বাংলাদেশ)
su-Latn-ID	Sundanese (Latin, Indonesia)	Basa Sunda (Latin, Indonesia)
ti-ER	Tigrinya (Eritrea)	ትግርኛ (ኤርትራ)
cv-RU	Chuvash (Russia)	чӑваш (Раҫҫей)
ar-PS	Arabic (Palestinian Territories)	العربية (الأراضي الفلسطينية)
ff-Latn-GM	Fula (Latin, Gambia)	Pulaar (Latin, Gammbi)
zh-Hans-SG	Chinese (Simplified, Singapore)	中文 (简体，新加坡)
ff-Latn-GN	Fula (Latin, Guinea)	Pulaar (Latin, Gine)
pt-GQ	Portuguese (Equatorial Guinea)	português (Guiné Equatorial)
no-Latn-NO	Norwegian (Latin, Norway)	norsk (latinsk, Norge)
ff-Latn-GH	Fula (Latin, Ghana)	Pulaar (Latin, Ganaa)
ann	Obolo	Obolo
fy-NL	Western Frisian (Netherlands)	Frysk (Nederlân)
ms-MY	Malay (Malaysia)	Melayu (Malaysia)
ar-OM	Arabic (Oman)	العربية (عُمان)
ar-001	Arabic (world)	العربية (العالم)
xh-Latn-ZA	Xhosa (Latin, South Africa)	IsiXhosa (IsiLatin, EMzantsi Afrika)
kea-Latn-CV	Kabuverdianu (Latin, Cape Verde)	kabuverdianu (latinu, Kabu Verdi)
sw-CD	Swahili (Congo - Kinshasa)	Kiswahili (Jamhuri ya Kidemokrasia ya Kongo)
os-GE	Ossetic (Georgia)	ирон (Гуырдзыстон)
brx-Deva-IN	Bodo (Devanagari, India)	बर’ (देबनागिरि,भारत)
qu-EC	Quechua (Ecuador)	Runasimi (Ecuador)
ko-KR	Korean (South Korea)	한국어 (대한민국)
blo-BJ	Anii (Benin)	anii kagɩja (Benɛɛ)
ko-KP	Korean (North Korea)	한국어 (조선민주주의인민공화국)
ewo	Ewondo	ewondo
sl-Latn-SI	Slovenian (Latin, Slovenia)	slovenščina (latinica, Slovenija)
vun-Latn-TZ	Vunjo (Latin, Tanzania)	Kyivunjo (Latin, Tanzania)
frr-Latn-DE	Northern Frisian (Latin, Germany)	Nordfriisk (Latin, Germany)
ur-Arab-PK	Urdu (Arabic, Pakistan)	اردو (عربی،پاکستان)
to-TO	Tongan (Tonga)	lea fakatonga (Tonga)
ckb-IR	Central Kurdish (Iran)	کوردیی ناوەندی (ئێران)
csw	Swampy Cree	ᓀᐦᐃᓇᐍᐏᐣ
ckb-IQ	Central Kurdish (Iraq)	کوردیی ناوەندی (عێراق)
seh-MZ	Sena (Mozambique)	sena (Moçambique)
zh-TW	Chinese (Taiwan)	中文 (台灣)
ce-RU	Chechen (Russia)	нохчийн (Росси)
km-KH	Khmer (Cambodia)	ខ្មែរ (កម្ពុជា)
ar-SA	Arabic (Saudi Arabia)	العربية (المملكة العربية السعودية)
bo-IN	Tibetan (India)	བོད་སྐད་ (རྒྱ་གར་)
mdf-RU	Moksha (Russia)	мокшень кяль (Russia)
twq-NE	Tasawaq (Niger)	Tasawaq senni (Nižer)
ak-Latn-GH	Akan (Latin, Ghana)	Akan (Laatin, Gaana)
sd-Deva-IN	Sindhi (Devanagari, India)	सिन्धी (देवनागिरी, भारत)
ca-IT	Catalan (Italy)	català (Itàlia)
dav-Latn-KE	Taita (Latin, Kenya)	Kitaita (Latin, Kenya)
mn-Cyrl-MN	Mongolian (Cyrillic, Mongolia)	монгол (кирилл, Монгол)
gsw-LI	Swiss German (Liechtenstein)	Schwiizertüütsch (Liächteschtäi)
zh-Hant-TW	Chinese (Traditional, Taiwan)	中文 (繁體，台灣)
lag-Latn-TZ	Langi (Latin, Tanzania)	Kɨlaangi (Latin, Taansanía)
ar-QA	Arabic (Qatar)	العربية (قطر)
xh-ZA	Xhosa (South Africa)	IsiXhosa (EMzantsi Afrika)
ti-Ethi-ET	Tigrinya (Ethiopic, Ethiopia)	ትግርኛ (እትዮጵያዊ፣ ኢትዮጵያ)
wae-CH	Walser (Switzerland)	Walser (Schwiz)
zh-SG	Chinese (Singapore)	中文 (新加坡)
ar-TN	Arabic (Tunisia)	العربية (تونس)
nl-AW	Dutch (Aruba)	Nederlands (Aruba)
ms-SG	Malay (Singapore)	Melayu (Singapura)
bal-Latn-PK	Baluchi (Latin, Pakistan)	Balóchi (Látin Engrézi (Látin) Engrézi (Látin, Amrikáay Tepákén Están) syáhag: Látini, Pákestán)
kxv-Deva-IN	Kuvi (Devanagari, India)	कुवि (देवनागरी, बारत)
ar-TD	Arabic (Chad)	العربية (تشاد)
twq	Tasawaq	Tasawaq senni
sl-SI	Slovenian (Slovenia)	slovenščina (Slovenija)
hr-Latn-HR	Croatian (Latin, Croatia)	hrvatski (latinica, Hrvatska)
ro-Latn-RO	Romanian (Latin, Romania)	română (latină, România)
ar-SO	Arabic (Somalia)	العربية (الصومال)
kl-Latn-GL	Kalaallisut (Latin, Greenland)	kalaallisut (Latin, Kalaallit Nunaat)
gv-IM	Manx (Isle of Man)	Gaelg (Ellan Vannin)
raj-Deva-IN	Rajasthani (Devanagari, India)	राजस्थानी (देवनागरी, भारत)
ha-Latn-NG	Hausa (Latin, Nigeria)	Hausa (Latin, Nijeriya)
asa	Asu	Kipare
ar-SD	Arabic (Sudan)	العربية (السودان)
yav	Yangben	nuasue
mi-Latn-NZ	Māori (Latin, New Zealand)	Māori (Rātini, Aotearoa)
naq-Latn-NA	Nama (Latin, Namibia)	Khoekhoegowab (Latin, Namibiab)
ar-SY	Arabic (Syria)	العربية (سوريا)
ar-SS	Arabic (South Sudan)	العربية (جنوب السودان)
ff-Adlm	Fula (Adlam)	𞤆𞤵𞤤𞤢𞤪 (𞤀𞤁𞤂𞤢𞤃)
nl-CW	Dutch (Curaçao)	Nederlands (Curaçao)
ast	Asturian	asturianu
en-BE	English (Belgium)	English (Belgium)
pt-MZ	Portuguese (Mozambique)	português (Moçambique)
en-BB	English (Barbados)	English (Barbados)
sw-KE	Swahili (Kenya)	Kiswahili (Kenya)
nmg	Kwasio	nmg
nn-NO	Norwegian (Norway, Nynorsk)	norsk (Noreg, Nynorsk)
lij	Ligurian	ligure
ie-EE	Interlingue (Estonia)	Interlingue (Estonia)
cs-Latn-CZ	Czech (Latin, Czechia)	čeština (latinka, Česko)
en-BW	English (Botswana)	English (Botswana)
gsw-Latn-CH	Swiss German (Latin, Switzerland)	Schwiizertüütsch (Latiinisch, Schwiiz)
pt-MO	Portuguese (Macao SAR China)	português (Macau, RAE da China)
en-BS	English (Bahamas)	English (Bahamas)
hsb-DE	Upper Sorbian (Germany)	hornjoserbšćina (Němska)
ksh-DE	Colognian (Germany)	Kölsch (Doütschland)
en-BM	English (Bermuda)	English (Bermuda)
mer-KE	Meru (Kenya)	Kĩmĩrũ (Kenya)
ks-Arab-IN	Kashmiri (Arabic, India)	کٲشُر (عربی, ہِندوستان)
lmo-IT	Lombard (Italy)	Lombard (Italia)
tok-Latn-001	Toki Pona (Latin, world)	toki pona (sitelen Lasina pi ma ale)
haw	Hawaiian	ʻŌlelo Hawaiʻi
en-BI	English (Burundi)	English (Burundi)
en-AG	English (Antigua & Barbuda)	English (Antigua & Barbuda)
en-AE	English (United Arab Emirates)	English (United Arab Emirates)
tzm	Central Atlas Tamazight	Tamaziɣt n laṭlaṣ
nnh	Ngiemboon	Shwóŋò ngiembɔɔn
sn-Latn-ZW	Shona (Latin, Zimbabwe)	chiShona (Latin, Zimbabwe)
nqo-GN	N’Ko (Guinea)	ߒߞߏ (ߖߌ߬ߣߍ߫)
nl-BE	Dutch (Belgium)	Nederlands (België)
en-AU	English (Australia)	English (Australia)
nmg-CM	Kwasio (Cameroon)	nmg (Kamerun)
en-AT	English (Austria)	English (Austria)
en-AS	English (American Samoa)	English (American Samoa)
pt-LU	Portuguese (Luxembourg)	português (Luxemburgo)
uz-Arab	Uzbek (Arabic)	اوزبیک (عربی)
nl-BQ	Dutch (Caribbean Netherlands)	Nederlands (Caribisch Nederland)
en-AI	English (Anguilla)	English (Anguilla)
lrc-Arab-IR	Northern Luri (Arabic, Iran)	لۊری شومالی (عأرأڤی, Iran)
en-DG	English (Diego Garcia)	English (Diego Garcia)
zh-Hant-MY	Chinese (Traditional, Malaysia)	中文 (繁體，馬來西亞)
ky-Cyrl-KG	Kyrgyz (Cyrillic, Kyrgyzstan)	кыргызча (Кирилл, Кыргызстан)
en-DE	English (Germany)	English (Germany)
rwk	Rwa	Kiruwa
sr-Latn-RS	Serbian (Latin, Serbia)	srpski (latinica, Srbija)
su-ID	Sundanese (Indonesia)	Basa Sunda (Indonesia)
rof-Latn-TZ	Rombo (Latin, Tanzania)	Kihorombo (Latin, Tanzania)
en-CZ	English (Czechia)	English (Czechia)
ar-YE	Arabic (Yemen)	العربية (اليمن)
jgo	Ngomba	Ndaꞌa
lkt	Lakota	Lakȟólʼiyapi
zh-Hant-MO	Chinese (Traditional, Macao SAR China)	中文 (繁體字，中國澳門特別行政區)
wae	Walser	Walser
en-DM	English (Dominica)	English (Dominica)
tok-001	Toki Pona (world)	toki pona (ma ale)
en-DK	English (Denmark)	English (Denmark)
en-CH	English (Switzerland)	English (Switzerland)
it-CH	Italian (Switzerland)	italiano (Svizzera)
pa-IN	Punjabi (India)	ਪੰਜਾਬੀ (ਭਾਰਤ)
en-CC	English (Cocos (Keeling) Islands)	English (Cocos (Keeling) Islands)
en-CA	English (Canada)	English (Canada)
mai-Deva-IN	Maithili (Devanagari, India)	मैथिली (देवनागरी, भारत)
kea-CV	Kabuverdianu (Cape Verde)	kabuverdianu (Kabu Verdi)
hu-HU	Hungarian (Hungary)	magyar (Magyarország)
sr-Cyrl-RS	Serbian (Cyrillic, Serbia)	српски (ћирилица, Србија)
pt-Latn-BR	Portuguese (Latin, Brazil)	português (latim, Brasil)
sn-ZW	Shona (Zimbabwe)	chiShona (Zimbabwe)
en-BZ	English (Belize)	English (Belize)
en-CY	English (Cyprus)	English (Cyprus)
en-CX	English (Christmas Island)	English (Christmas Island)
su-Latn	Sundanese (Latin)	Basa Sunda (Latin)
ksf-CM	Bafia (Cameroon)	rikpa (kamɛrún)
gsw-FR	Swiss German (France)	Schwiizertüütsch (Frankriich)
en-CM	English (Cameroon)	English (Cameroon)
kk-KZ	Kazakh (Kazakhstan)	қазақ тілі (Қазақстан)
en-CK	English (Cook Islands)	English (Cook Islands)
saq-KE	Samburu (Kenya)	Kisampur (Kenya)
en-FK	English (Falkland Islands)	English (Falkland Islands)
en-FJ	English (Fiji)	English (Fiji)
en-FI	English (Finland)	English (Finland)
sd-IN	Sindhi (India)	سنڌي (ڀارت)
bm-ML	Bambara (Mali)	bamanakan (Mali)
mk-Cyrl-MK	Macedonian (Cyrillic, North Macedonia)	македонски (кирилско писмо, Северна Македонија)
ga-GB	Irish (United Kingdom)	Gaeilge (an Ríocht Aontaithe)
tk-TM	Turkmen (Turkmenistan)	türkmen dili (Türkmenistan)
ki-KE	Kikuyu (Kenya)	Gikuyu (Kenya)
kok-Latn-IN	Konkani (Latin, India)	Konknni (Romi, Bharot)
oc-Latn-FR	Occitan (Latin, France)	occitan (latin, França)
nqo	N’Ko	ߒߞߏ
lmo	Lombard	Lombard
os-RU	Ossetic (Russia)	ирон (Уӕрӕсе)
szl-Latn-PL	Silesian (Latin, Poland)	ślōnski (łacińske, Polska)
en-FR	English (France)	English (France)
dav-KE	Taita (Kenya)	Kitaita (Kenya)
en-FM	English (Micronesia)	English (Micronesia)
fo-DK	Faroese (Denmark)	føroyskt (Danmark)
or-Orya-IN	Odia (Odia, India)	ଓଡ଼ିଆ (ଓଡ଼ିଆ, ଭାରତ)
dje-NE	Zarma (Niger)	Zarmaciine (Nižer)
si-Sinh-LK	Sinhala (Sinhala, Sri Lanka)	සිංහල (සිංහල, ශ්‍රී ලංකාව)
qu-PE	Quechua (Peru)	Runasimi (Perú)
agq-CM	Aghem (Cameroon)	Aghem (Kàmàlûŋ)
ff-SN	Fula (Senegal)	Pulaar (Senegaal)
sr-Latn	Serbian (Latin)	srpski (latinica)
en-ES	English (Spain)	English (Spain)
en-ER	English (Eritrea)	English (Eritrea)
om-ET	Oromo (Ethiopia)	Oromoo (Itoophiyaa)
sr-Cyrl-XK	Serbian (Cyrillic, Kosovo)	српски (ћирилица, Косово)
az-Cyrl-AZ	Azerbaijani (Cyrillic, Azerbaijan)	азәрбајҹан (Кирил, Азәрбајҹан)
ast-ES	Asturian (Spain)	asturianu (España)
sq-AL	Albanian (Albania)	shqip (Shqipëri)
ee-TG	Ewe (Togo)	eʋegbe (Togo nutome)
pt-PT	Portuguese (Portugal)	português (Portugal)
luy-KE	Luyia (Kenya)	Luluhia (Kenya)
tr-CY	Turkish (Cyprus)	Türkçe (Kıbrıs)
bs-Latn	Bosnian (Latin)	bosanski (latinica)
en-HK	English (Hong Kong SAR China)	English (Hong Kong SAR China)
az-Latn-AZ	Azerbaijani (Latin, Azerbaijan)	azərbaycan (latın, Azərbaycan)
ses-ML	Koyraboro Senni (Mali)	Koyraboro senni (Maali)
ff-Latn-SL	Fula (Latin, Sierra Leone)	Pulaar (Latin, Seraa liyon)
ga-IE	Irish (Ireland)	Gaeilge (Éire)
ff-Latn-SN	Fula (Latin, Senegal)	Pulaar (Latin, Senegaal)
dz-BT	Dzongkha (Bhutan)	རྫོང་ཁ (འབྲུག)
pt-TL	Portuguese (Timor-Leste)	português (Timor-Leste)
nso	Northern Sotho	Sesotho sa Leboa
nus-Latn-SS	Nuer (Latin, South Sudan)	Thok Nath (Latin, South Sudan)
cgg-Latn-UG	Chiga (Latin, Uganda)	Rukiga (Latin, Uganda)
gsw-CH	Swiss German (Switzerland)	Schwiizertüütsch (Schwiiz)
kln-KE	Kalenjin (Kenya)	Kalenjin (Emetab Kenya)
pt-ST	Portuguese (São Tomé & Príncipe)	português (São Tomé e Príncipe)
nnh-CM	Ngiemboon (Cameroon)	Shwóŋò ngiembɔɔn (Kàmalûm)
ka-Geor-GE	Georgian (Georgian, Georgia)	ქართული (ქართული, საქართველო)
en-HU	English (Hungary)	English (Hungary)
en-GM	English (Gambia)	English (Gambia)
te-IN	Telugu (India)	తెలుగు (భారతదేశం)
fo-FO	Faroese (Faroe Islands)	føroyskt (Føroyar)
en-GI	English (Gibraltar)	English (Gibraltar)
saq-Latn-KE	Samburu (Latin, Kenya)	Kisampur (Latin, Kenya)
bg-BG	Bulgarian (Bulgaria)	български (България)
en-GH	English (Ghana)	English (Ghana)
en-GG	English (Guernsey)	English (Guernsey)
ig-NG	Igbo (Nigeria)	Igbo (Naịjịrịa)
en-GD	English (Grenada)	English (Grenada)
teo-KE	Teso (Kenya)	Kiteso (Kenia)
rm-Latn-CH	Romansh (Latin, Switzerland)	rumantsch (latin, Svizra)
en-GB	English (United Kingdom)	English (United Kingdom)
yue-Hans-CN	Cantonese (Simplified, China)	粤语 (简体，中华人民共和国)
ebu-KE	Embu (Kenya)	Kĩembu (Kenya)
el-CY	Greek (Cyprus)	Ελληνικά (Κύπρος)
en-GY	English (Guyana)	English (Guyana)
en-GU	English (Guam)	English (Guam)
en-GS	English (South Georgia & South Sandwich Islands)	English (South Georgia & South Sandwich Islands)
sv-Latn-SE	Swedish (Latin, Sweden)	svenska (latinska, Sverige)
yi-Hebr-UA	Yiddish (Hebrew, Ukraine)	ייִדיש (העברעיש, אוקראַינע)
rn-Latn-BI	Rundi (Latin, Burundi)	Ikirundi (Latin, Uburundi)
jmc	Machame	Kimachame
en-JM	English (Jamaica)	English (Jamaica)
ebu-Latn-KE	Embu (Latin, Kenya)	Kĩembu (Latin, Kenya)
ckb-Arab-IQ	Central Kurdish (Arabic, Iraq)	کوردیی ناوەندی (عەرەبی، عێراق)
sr-Latn-XK	Serbian (Latin, Kosovo)	srpski (latinica, Kosovo)
vai-LR	Vai (Liberia)	ꕙꔤ (ꕞꔤꔫꕩ)
en-JE	English (Jersey)	English (Jersey)
om-KE	Oromo (Kenya)	Oromoo (Keeniyaa)
nus	Nuer	Thok Nath
mk-MK	Macedonian (North Macedonia)	македонски (Северна Македонија)
smn-FI	Inari Sami (Finland)	anarâškielâ (Suomâ)
fr-Latn-FR	French (Latin, France)	français (latin, France)
nyn-UG	Nyankole (Uganda)	Runyankore (Uganda)
hi-Latn-IN	Hindi (Latin, India)	Hindi (Latin, Bharat)
pa-PK	Punjabi (Pakistan)	ਪੰਜਾਬੀ (ਪਾਕਿਸਤਾਨ)
lu-CD	Luba-Katanga (Congo - Kinshasa)	Tshiluba (Ditunga wa Kongu)
dav	Taita	Kitaita
teo-Latn-UG	Teso (Latin, Uganda)	Kiteso (Latin, Uganda)
ceb-PH	Cebuano (Philippines)	Cebuano (Pilipinas)
zu-ZA	Zulu (South Africa)	isiZulu (iNingizimu Afrika)
lrc	Northern Luri	لۊری شومالی
ml-Mlym-IN	Malayalam (Malayalam, India)	മലയാളം (മലയാളം, ഇന്ത്യ)
af-Latn-ZA	Afrikaans (Latin, South Africa)	Afrikaans (Latyn, Suid-Afrika)
en-IO	English (British Indian Ocean Territory)	English (British Indian Ocean Territory)
lrc-IR	Northern Luri (Iran)	لۊری شومالی (Iran)
en-IN	English (India)	English (India)
lrc-IQ	Northern Luri (Iraq)	لۊری شومالی (Iraq)
en-IM	English (Isle of Man)	English (Isle of Man)
en-IL	English (Israel)	English (Israel)
bas-Latn-CM	Basaa (Latin, Cameroon)	Ɓàsàa (Latin, Kàmɛ̀rûn)
it-IT	Italian (Italy)	italiano (Italia)
zh-Hant-HK	Chinese (Traditional, Hong Kong SAR China)	中文 (繁體字，中國香港特別行政區)
en-IE	English (Ireland)	English (Ireland)
sah-Cyrl-RU	Yakut (Cyrillic, Russia)	саха тыла (Нууччалыы, Арассыыйа)
en-ID	English (Indonesia)	English (Indonesia)
ca-ES-VALENCIA	Catalan (Spain, Valencian)	català (Espanya, valencià)
nn-NO	Norwegian Nynorsk (Norway)	norsk nynorsk (Noreg)
kn-Knda-IN	Kannada (Kannada, India)	ಕನ್ನಡ (ಕನ್ನಡ, ಭಾರತ)
rn-BI	Rundi (Burundi)	Ikirundi (Uburundi)
en-IT	English (Italy)	English (Italy)
luo-Latn-KE	Luo (Latin, Kenya)	Dholuo (Latin, Kenya)
en-LR	English (Liberia)	English (Liberia)
sw-UG	Swahili (Uganda)	Kiswahili (Uganda)
mgo-Latn-CM	Metaʼ (Latin, Cameroon)	metaʼ (ngam ŋwaʼri, Kamalun)
kw-Latn-GB	Cornish (Latin, United Kingdom)	kernewek (Latin, Rywvaneth Unys)
shi-MA	Tachelhit (Morocco)	ⵜⴰⵛⵍⵃⵉⵜ (ⵍⵎⵖⵔⵉⴱ)
en-LC	English (St. Lucia)	English (St Lucia)
khq-Latn-ML	Koyra Chiini (Latin, Mali)	Koyra ciini (Latin, Maali)
nl-NL	Dutch (Netherlands)	Nederlands (Nederland)
so-DJ	Somali (Djibouti)	Soomaali (Jabuuti)
sah	Yakut	саха тыла
sw-TZ	Swahili (Tanzania)	Kiswahili (Tanzania)
sw-Latn-TZ	Swahili (Latin, Tanzania)	Kiswahili (Kilatini, Tanzania)
en-LS	English (Lesotho)	English (Lesotho)
saq	Samburu	Kisampur
en-KN	English (St. Kitts & Nevis)	English (St Kitts & Nevis)
st-Latn-ZA	Southern Sotho (Latin, South Africa)	Sesotho (Selatine, Afrika Borwa)
eo-Latn-001	Esperanto (Latin, world)	Esperanto (latina, mondo)
pcm-Latn-NG	Nigerian Pidgin (Latin, Nigeria)	Naijíriá Píjin (Látin, Naijíria)
sat	Santali	ᱥᱟᱱᱛᱟᱲᱤ
kxv-Orya	Kuvi (Odia)	କୁୱି (ଅଡ଼ିଆ)
en-KI	English (Kiribati)	English (Kiribati)
en-KE	English (Kenya)	English (Kenya)
dyo-SN	Jola-Fonyi (Senegal)	joola (Senegal)
ia-001	Interlingua (world)	interlingua (mundo)
dua-CM	Duala (Cameroon)	duálá (Cameroun)
kgp-BR	Kaingang (Brazil)	kanhgág (Mrasir)
bal-Latn	Baluchi (Latin)	Balóchi (Látin Engrézi (Látin) Engrézi (Látin, Amrikáay Tepákén Están) syáhag: Látini)
be-BY	Belarusian (Belarus)	беларуская (Беларусь)
en-KY	English (Cayman Islands)	English (Cayman Islands)
mg-Latn-MG	Malagasy (Latin, Madagascar)	Malagasy (Latin, Madagasikara)
mer-Latn-KE	Meru (Latin, Kenya)	Kĩmĩrũ (Latin, Kenya)
el-GR	Greek (Greece)	Ελληνικά (Ελλάδα)
cy-GB	Welsh (United Kingdom)	Cymraeg (Y Deyrnas Unedig)
sbp	Sangu	Ishisangu
en-NR	English (Nauru)	English (Nauru)
nyn	Nyankole	Runyankore
en-NO	English (Norway)	English (Norway)
luo	Luo	Dholuo
en-NL	English (Netherlands)	English (Netherlands)
fil	Filipino	Filipino
lu-Latn-CD	Luba-Katanga (Latin, Congo - Kinshasa)	Tshiluba (Latin, Ditunga wa Kongu)
mfe-Latn-MU	Morisyen (Latin, Mauritius)	kreol morisien (Latin, Moris)
vi-Latn-VN	Vietnamese (Latin, Vietnam)	Tiếng Việt (Chữ La tinh, Việt Nam)
en-NG	English (Nigeria)	English (Nigeria)
en-NF	English (Norfolk Island)	English (Norfolk Island)
jmc-TZ	Machame (Tanzania)	Kimachame (Tanzania)
sd-Arab	Sindhi (Arabic)	سنڌي (عربي)
luy	Luyia	Luluhia
th-TH-u-nu-thai-x-lvariant-TH	Thai (Thailand, TH, Thai Digits)	ไทย (ไทย, TH, ตัวเลขไทย)
bas	Basaa	Ɓàsàa
en-NZ	English (New Zealand)	English (New Zealand)
en-NU	English (Niue)	English (Niue)
tg-TJ	Tajik (Tajikistan)	тоҷикӣ (Тоҷикистон)
en-MS	English (Montserrat)	English (Montserrat)
en-MP	English (Northern Mariana Islands)	English (Northern Mariana Islands)
en-MO	English (Macao SAR China)	English (Macao SAR China)
af	Afrikaans	Afrikaans
ak	Akan	Akan
en-MH	English (Marshall Islands)	English (Marshall Islands)
yue-CN	Cantonese (China)	粵語 (中國)
am	Amharic	አማርኛ
en-MG	English (Madagascar)	English (Madagascar)
xog-UG	Soga (Uganda)	Olusoga (Yuganda)
ar	Arabic	العربية
as	Assamese	অসমীয়া
en-NA	English (Namibia)	English (Namibia)
mgh-Latn-MZ	Makhuwa-Meetto (Latin, Mozambique)	Makua (Latin, Umozambiki)
az	Azerbaijani	azərbaycan
sd-PK	Sindhi (Pakistan)	سنڌي (پاڪستان)
en-MY	English (Malaysia)	English (Malaysia)
en-MW	English (Malawi)	English (Malawi)
en-MV	English (Maldives)	English (Maldives)
mni-IN	Manipuri (India)	মৈতৈলোন্ (ইন্দিয়া)
en-MU	English (Mauritius)	English (Mauritius)
so-ET	Somali (Ethiopia)	Soomaali (Itoobiya)
en-MT	English (Malta)	English (Malta)
en-PT	English (Portugal)	English (Portugal)
be	Belarusian	беларуская
ki-Latn-KE	Kikuyu (Latin, Kenya)	Gikuyu (Latin, Kenya)
en-PR	English (Puerto Rico)	English (Puerto Rico)
bg	Bulgarian	български
en-PN	English (Pitcairn Islands)	English (Pitcairn Islands)
sq-MK	Albanian (North Macedonia)	shqip (Maqedonia e Veriut)
en-PL	English (Poland)	English (Poland)
bm	Bambara	bamanakan
en-PK	English (Pakistan)	English (Pakistan)
bn	Bangla	বাংলা
bo	Tibetan	བོད་སྐད་
en-PH	English (Philippines)	English (Philippines)
en-PG	English (Papua New Guinea)	English (Papua New Guinea)
br	Breton	brezhoneg
ff-Adlm-SL	Fula (Adlam, Sierra Leone)	𞤆𞤵𞤤𞤢𞤪 (𞤀𞤁𞤂𞤢𞤃⹁ 𞤅𞤢𞤪𞤢𞤤𞤮𞤲)
bs	Bosnian	bosanski
ff-Adlm-SN	Fula (Adlam, Senegal)	𞤆𞤵𞤤𞤢𞤪 (𞤀𞤁𞤂𞤢𞤃⹁ 𞤅𞤫𞤲𞤫𞤺𞤢𞥄𞤤)
kxv-Orya-IN	Kuvi (Odia, India)	କୁୱି (ଅଡ଼ିଆ, ବାରତ)
seh	Sena	sena
de-AT	German (Austria)	Deutsch (Österreich)
mi-NZ	Māori (New Zealand)	Māori (Aotearoa)
haw-US	Hawaiian (United States)	ʻŌlelo Hawaiʻi (ʻAmelika Hui Pū ʻIa)
ca	Catalan	català
en-PW	English (Palau)	English (Palau)
ses	Koyraboro Senni	Koyraboro senni
ce	Chechen	нохчийн
ks-Arab	Kashmiri (Arabic)	کٲشُر (عربی)
gl-ES	Galician (Spain)	galego (España)
ta-IN	Tamil (India)	தமிழ் (இந்தியா)
cs	Czech	čeština
bgc-Deva-IN	Haryanvi (Devanagari, India)	हरियाणवी (देवानागारी, भारत)
yrl	Nheengatu	nheẽgatu
mua-Latn-CM	Mundang (Latin, Cameroon)	MUNDAŊ (Latin, kameruŋ)
cv	Chuvash	чӑваш
lv-Latn-LV	Latvian (Latin, Latvia)	latviešu (latīņu, Latvija)
rof-TZ	Rombo (Tanzania)	Kihorombo (Tanzania)
cy	Welsh	Cymraeg
tn-BW	Tswana (Botswana)	Setswana (Botswana)
da	Danish	dansk
de	German	Deutsch
en-RW	English (Rwanda)	English (Rwanda)
ksf-Latn-CM	Bafia (Latin, Cameroon)	rikpa (Latin, kamɛrún)
te-Telu-IN	Telugu (Telugu, India)	తెలుగు (తెలుగు, భారతదేశం)
so-KE	Somali (Kenya)	Soomaali (Kenya)
nds-DE	Low German (Germany)	Neddersass’sch (Düütschland)
ka-GE	Georgian (Georgia)	ქართული (საქართველო)
ff-Adlm-LR	Fula (Adlam, Liberia)	𞤆𞤵𞤤𞤢𞤪 (𞤀𞤁𞤂𞤢𞤃⹁ 𞤂𞤢𞤦𞤭𞤪𞤭𞤴𞤢𞥄)
mg-MG	Malagasy (Madagascar)	Malagasy (Madagasikara)
de-CH	German (Switzerland)	Deutsch (Schweiz)
en-RO	English (Romania)	English (Romania)
bem	Bemba	Ichibemba
en-SI	English (Slovenia)	English (Slovenia)
nl-SX	Dutch (Sint Maarten)	Nederlands (Sint-Maarten)
en-SH	English (St. Helena)	English (St Helena)
en-SG	English (Singapore)	English (Singapore)
ccp-IN	Chakma (India)	𑄌𑄋𑄴𑄟𑄳𑄦 (𑄞𑄢𑄧𑄖𑄴)
en-SE	English (Sweden)	English (Sweden)
ia-Latn-001	Interlingua (Latin, world)	interlingua (latin, mundo)
en-SD	English (Sudan)	English (Sudan)
bez	Bena	Hibena
dz	Dzongkha	རྫོང་ཁ
en-SC	English (Seychelles)	English (Seychelles)
en-SB	English (Solomon Islands)	English (Solomon Islands)
ta-LK	Tamil (Sri Lanka)	தமிழ் (இலங்கை)
vi-VN	Vietnamese (Vietnam)	Tiếng Việt (Việt Nam)
dje	Zarma	Zarmaciine
ee	Ewe	eʋegbe
el	Greek	Ελληνικά
en	English	English
bem-ZM	Bemba (Zambia)	Ichibemba (Zambia)
eo	Esperanto	Esperanto
de-BE	German (Belgium)	Deutsch (Belgien)
es	Spanish	español
nl-SR	Dutch (Suriname)	Nederlands (Suriname)
et	Estonian	eesti
eu	Basque	euskara
ff-Latn	Fula (Latin)	Pulaar (Latin)
shi	Tachelhit	ⵜⴰⵛⵍⵃⵉⵜ
af-NA	Afrikaans (Namibia)	Afrikaans (Namibië)
hsb	Upper Sorbian	hornjoserbšćina
asa-TZ	Asu (Tanzania)	Kipare (Tadhania)
jgo-CM	Ngomba (Cameroon)	Ndaꞌa (Kamɛlûn)
fa	Persian	فارسی
kxv-Deva	Kuvi (Devanagari)	कुवि (देवनागरी)
ann-Latn-NG	Obolo (Latin, Nigeria)	Obolo (Latin, Nigeria)
yrl-VE	Nheengatu (Venezuela)	ñengatú (Wenesuera)
sat-Olck-IN	Santali (Ol Chiki, India)	ᱥᱟᱱᱛᱟᱲᱤ (ᱚᱞ ᱪᱤᱠᱤ, ᱤᱱᱰᱤᱭᱟ)
bgc	Haryanvi	हरियाणवी
bs-Cyrl	Bosnian (Cyrillic)	босански (ћирилица)
syr-SY	Syriac (Syria)	ܣܘܪܝܝܐ (ܣܘܪܝܐ)
ff	Fula	Pulaar
en-TZ	English (Tanzania)	English (Tanzania)
dsb-DE	Lower Sorbian (Germany)	dolnoserbšćina (Nimska)
fi	Finnish	suomi
en-TV	English (Tuvalu)	English (Tuvalu)
en-TT	English (Trinidad & Tobago)	English (Trinidad & Tobago)
zh-Latn	Chinese (Latin)	Chinese (Latin)
yue	Cantonese	粵語
cs-CZ	Czech (Czechia)	čeština (Česko)
fo	Faroese	føroyskt
bez-TZ	Bena (Tanzania)	Hibena (Hutanzania)
en-TO	English (Tonga)	English (Tonga)
sr-Latn-BA	Serbian (Latin, Bosnia & Herzegovina)	srpski (latinica, Bosna i Hercegovina)
fr	French	français
pl-PL	Polish (Poland)	polski (Polska)
en-TK	English (Tokelau)	English (Tokelau)
mas-Latn-KE	Masai (Latin, Kenya)	Maa (Latin, Kenya)
fy	Western Frisian	Frysk
en-UG	English (Uganda)	English (Uganda)
brx-IN	Bodo (India)	बर’ (भारत)
es-Latn-ES	Spanish (Latin, Spain)	español (latino, España)
kk-Cyrl-KZ	Kazakh (Cyrillic, Kazakhstan)	қазақ тілі (кирилл жазуы, Қазақстан)
ga	Irish	Gaeilge
agq-Latn-CM	Aghem (Latin, Cameroon)	Aghem (Latin, Kàmàlûŋ)
gd	Scottish Gaelic	Gàidhlig
xog-Latn-UG	Soga (Latin, Uganda)	Olusoga (Latin, Yuganda)
tzm-MA	Central Atlas Tamazight (Morocco)	Tamaziɣt n laṭlaṣ (Meṛṛuk)
en-SX	English (Sint Maarten)	English (Sint Maarten)
ff-Adlm-MR	Fula (Adlam, Mauritania)	𞤆𞤵𞤤𞤢𞤪 (𞤀𞤁𞤂𞤢𞤃⹁ 𞤃𞤮𞤪𞤼𞤢𞤲𞤭𞥅)
gl	Galician	galego
en-SS	English (South Sudan)	English (South Sudan)
bho	Bhojpuri	भोजपुरी
fi-FI	Finnish (Finland)	suomi (Suomi)
yrl-Latn-BR	Nheengatu (Latin, Brazil)	nheẽgatu (ratĩ, Brasiu)
de-DE	German (Germany)	Deutsch (Deutschland)
en-SL	English (Sierra Leone)	English (Sierra Leone)
gu	Gujarati	ગુજરાતી
en-SK	English (Slovakia)	English (Slovakia)
gv	Manx	Gaelg
ta-MY	Tamil (Malaysia)	தமிழ் (மலேசியா)
ff-Adlm-NG	Fula (Adlam, Nigeria)	𞤆𞤵𞤤𞤢𞤪 (𞤀𞤁𞤂𞤢𞤃⹁ 𞤐𞤢𞤶𞤫𞤪𞤭𞤴𞤢𞥄)
dua-Latn-CM	Duala (Latin, Cameroon)	duálá (Latin, Cameroun)
it-SM	Italian (San Marino)	italiano (San Marino)
ee-Latn-GH	Ewe (Latin, Ghana)	eʋegbe (latingbeŋɔŋlɔ, Ghana nutome)
raj-IN	Rajasthani (India)	राजस्थानी (भारत)
tt-RU	Tatar (Russia)	татар (Россия)
ff-Adlm-NE	Fula (Adlam, Niger)	𞤆𞤵𞤤𞤢𞤪 (𞤀𞤁𞤂𞤢𞤃⹁ 𞤐𞤭𞥅𞤶𞤫𞤪)
en-TC	English (Turks & Caicos Islands)	English (Turks & Caicos Islands)
ha	Hausa	Hausa
as-IN	Assamese (India)	অসমীয়া (ভাৰত)
he	Hebrew	עברית
en-SZ	English (Eswatini)	English (Eswatini)
hi	Hindi	हिन्दी
uz-Latn-UZ	Uzbek (Latin, Uzbekistan)	o‘zbek (lotin, Oʻzbekiston)
mzn-Arab-IR	Mazanderani (Arabic, Iran)	مازرونی (عربی, ایران)
en-VU	English (Vanuatu)	English (Vanuatu)
uz-Arab-AF	Uzbek (Arabic, Afghanistan)	اوزبیک (عربی, افغانستان)
hsb-Latn-DE	Upper Sorbian (Latin, Germany)	hornjoserbšćina (łaćonsce, Němska)
hr	Croatian	hrvatski
ht	Haitian Creole	Kreyòl Ayisyen
csw-CA	Swampy Cree (Canada)	ᓀᐦᐃᓇᐍᐏᐣ (ᑳᓇᑕ)
hu	Hungarian	magyar
hy	Armenian	հայերեն
csw-Cans-CA	Swampy Cree (Unified Canadian Aboriginal Syllabics, Canada)	ᓀᐦᐃᓇᐍᐏᐣ (ᓀᐦᐃᔭᐘᓯᓇᐦᐃᑳᑌᐤ, ᑳᓇᑕ)
ia	Interlingua	interlingua
id	Indonesian	Indonesia
ie	Interlingue	Interlingue
ig	Igbo	Igbo
sah-RU	Yakut (Russia)	саха тыла (Арассыыйа)
ii	Sichuan Yi	ꆈꌠꉙ
wae-Latn-CH	Walser (Latin, Switzerland)	Walser (Latiniš, Schwiz)
sr-Latn-ME	Serbian (Latin, Montenegro)	srpski (latinica, Crna Gora)
nmg-Latn-CM	Kwasio (Latin, Cameroon)	nmg (Latin, Kamerun)
lo-Laoo-LA	Lao (Lao, Laos)	ລາວ (ລາວ, ລາວ)
it-VA	Italian (Vatican City)	italiano (Città del Vaticano)
frr	Northern Frisian	Nordfriisk
en-US	English (United States)	English (United States)
km-Khmr-KH	Khmer (Khmer, Cambodia)	ខ្មែរ (ខ្មែរ, កម្ពុជា)
is	Icelandic	íslenska
en-001	English (world)	English (world)
luy-Latn-KE	Luyia (Latin, Kenya)	Luluhia (Latin, Kenya)
it	Italian	italiano
en-UM	English (U.S. Outlying Islands)	English (U.S. Outlying Islands)
os-Cyrl-GE	Ossetic (Cyrillic, Georgia)	ирон (Киррилицӕ, Гуырдзыстон)
br-FR	Breton (France)	brezhoneg (Frañs)
en-VI	English (U.S. Virgin Islands)	English (U.S. Virgin Islands)
en-VG	English (British Virgin Islands)	English (British Virgin Islands)
ja	Japanese	日本語
vai-Latn-LR	Vai (Latin, Liberia)	Vai (Latin, Laibhiya)
en-VC	English (St. Vincent & Grenadines)	English (St Vincent & the Grenadines)
doi	Dogri	डोगरी
mdf-Cyrl-RU	Moksha (Cyrillic, Russia)	мокшень кяль (Cyrillic, Russia)
de-IT	German (Italy)	Deutsch (Italien)
kok-Deva	Konkani (Devanagari)	कोंकणी (देवनागरी)
tr-TR	Turkish (Türkiye)	Türkçe (Türkiye)
jv	Javanese	Jawa
lb-LU	Luxembourgish (Luxembourg)	Lëtzebuergesch (Lëtzebuerg)
ks-Deva	Kashmiri (Devanagari)	कॉशुर (देवनागरी)
sd-Deva	Sindhi (Devanagari)	सिन्धी (देवनागिरी)
es-BR	Spanish (Brazil)	español (Brasil)
ksb-Latn-TZ	Shambala (Latin, Tanzania)	Kishambaa (Latin, Tanzania)
yue-HK	Cantonese (Hong Kong SAR China)	粵語 (中國香港特別行政區)
mai	Maithili	मैथिली
es-BO	Spanish (Bolivia)	español (Bolivia)
smn	Inari Sami	anarâškielâ
ka	Georgian	ქართული
sms	Skolt Sami	sääʹmǩiõll
bg-Cyrl-BG	Bulgarian (Cyrillic, Bulgaria)	български (кирилица, България)
ps-AF	Pashto (Afghanistan)	پښتو (افغانستان)
ki	Kikuyu	Gikuyu
mas	Masai	Maa
kk	Kazakh	қазақ тілі
kl	Kalaallisut	kalaallisut
km	Khmer	ខ្មែរ
kn	Kannada	ಕನ್ನಡ
ko	Korean	한국어
blo	Anii	anii kagɩja
ks	Kashmiri	کٲشُر
ku	Kurdish	kurdî (kurmancî)
en-WS	English (Samoa)	English (Samoa)
kw	Cornish	kernewek
ky	Kyrgyz	кыргызча
zu-Latn-ZA	Zulu (Latin, South Africa)	isiZulu (isi-Latin, iNingizimu Afrika)
es-AR	Spanish (Argentina)	español (Argentina)
eu-ES	Basque (Spain)	euskara (Espainia)
so-Latn-SO	Somali (Latin, Somalia)	Soomaali (Laatiin, Soomaaliya)
lb	Luxembourgish	Lëtzebuergesch
ar-Arab-EG	Arabic (Arabic, Egypt)	العربية (العربية، مصر)
lg	Ganda	Luganda
nqo-Nkoo-GN	N’Ko (N’Ko, Guinea)	ߒߞߏ (ߒߞߏ، ߖߌ߬ߣߍ߫)
sg-CF	Sango (Central African Republic)	Sängö (Ködörösêse tî Bêafrîka)
ln	Lingala	lingála
fur	Friulian	furlan
rwk-Latn-TZ	Rwa (Latin, Tanzania)	Kiruwa (Latin, Tanzania)
lo	Lao	ລາວ
seh-Latn-MZ	Sena (Latin, Mozambique)	sena (Latin, Moçambique)
lag-TZ	Langi (Tanzania)	Kɨlaangi (Taansanía)
lt	Lithuanian	lietuvių
lu	Luba-Katanga	Tshiluba
en-ZW	English (Zimbabwe)	English (Zimbabwe)
lv	Latvian	latviešu
xnr-Deva-IN	Kangri (Devanagari, India)	कांगड़ी (देवनागरी, भारत)
so-SO	Somali (Somalia)	Soomaali (Soomaaliya)
asa-Latn-TZ	Asu (Latin, Tanzania)	Kipare (Latin, Tadhania)
yav-CM	Yangben (Cameroon)	nuasue (Kemelún)
nds-Latn-DE	Low German (Latin, Germany)	Neddersass’sch (Latiensch, Düütschland)
es-CU	Spanish (Cuba)	español (Cuba)
de-LI	German (Liechtenstein)	Deutsch (Liechtenstein)
dyo-Latn-SN	Jola-Fonyi (Latin, Senegal)	joola (Latin, Senegal)
oc-FR	Occitan (France)	occitan (França)
lb-Latn-LU	Luxembourgish (Latin, Luxembourg)	Lëtzebuergesch (Laténgesch, Lëtzebuerg)
es-DO	Spanish (Dominican Republic)	español (República Dominicana)
guz-Latn-KE	Gusii (Latin, Kenya)	Ekegusii (Latin, Kenya)
mg	Malagasy	Malagasy
mi	Māori	Māori
mk	Macedonian	македонски
ml	Malayalam	മലയാളം
bn-BD	Bangla (Bangladesh)	বাংলা (বাংলাদেশ)
mn	Mongolian	монгол
ht-Latn-HT	Haitian Creole (Latin, Haiti)	Kreyòl Ayisyen (latin, Haïti)
mr	Marathi	मराठी
ms	Malay	Melayu
mt	Maltese	Malti
es-BZ	Spanish (Belize)	español (Belice)
my	Burmese	မြန်မာ
mdf	Moksha	мокшень кяль
chr-US	Cherokee (United States)	ᏣᎳᎩ (ᏌᏊ ᎢᏳᎾᎵᏍᏔᏅ ᏍᎦᏚᎩ)
oc-ES	Occitan (Spain)	occitan (Espanha)
dsb	Lower Sorbian	dolnoserbšćina
es-CR	Spanish (Costa Rica)	español (Costa Rica)
en-ZM	English (Zambia)	English (Zambia)
nb	Norwegian Bokmål	norsk bokmål
es-CO	Spanish (Colombia)	español (Colombia)
nd	North Ndebele	isiNdebele
ne	Nepali	नेपाली
ta-SG	Tamil (Singapore)	தமிழ் (சிங்கப்பூர்)
es-CL	Spanish (Chile)	español (Chile)
mr-IN	Marathi (India)	मराठी (भारत)
mt-MT	Maltese (Malta)	Malti (Malta)
uz-AF	Uzbek (Afghanistan)	o‘zbek (Afgʻoniston)
nl	Dutch	Nederlands
en-ZA	English (South Africa)	English (South Africa)
nn	Norwegian Nynorsk	norsk nynorsk
no	Norwegian	norsk
ja-Jpan-JP	Japanese (Japanese, Japan)	日本語 (日本語の文字、日本)
lmo-Latn-IT	Lombard (Latin, Italy)	Lombard (Latin, Italia)
hy-Armn-AM	Armenian (Armenian, Armenia)	հայերեն (հայկական, Հայաստան)
nds-NL	Low German (Netherlands)	Neddersass’sch (Nedderlannen)
pis-Latn-SB	Pijin (Latin, Solomon Islands)	Pijin (Latin, Solomon Aelan)
ga-Latn-IE	Irish (Latin, Ireland)	Gaeilge (Laidineach, Éire)
fi-Latn-FI	Finnish (Latin, Finland)	suomi (latinalainen, Suomi)
ja-JP-u-ca-japanese-x-lvariant-JP	Japanese (Japan, JP, Japanese Calendar)	日本語 (日本、JP、和暦)
kab	Kabyle	Taqbaylit
oc	Occitan	occitan
kam	Kamba	Kikamba
hi-IN	Hindi (India)	हिन्दी (भारत)
tzm-Latn-MA	Central Atlas Tamazight (Latin, Morocco)	Tamaziɣt n laṭlaṣ (Latin, Meṛṛuk)
mer	Meru	Kĩmĩrũ
om	Oromo	Oromoo
or	Odia	ଓଡ଼ିଆ
es-EC	Spanish (Ecuador)	español (Ecuador)
os	Ossetic	ирон
ms-Latn-MY	Malay (Latin, Malaysia)	Melayu (Latin, Malaysia)
sq-XK	Albanian (Kosovo)	shqip (Kosovë)
de-LU	German (Luxembourg)	Deutsch (Luxemburg)
es-EA	Spanish (Ceuta & Melilla)	español (Ceuta y Melilla)
yo-BJ	Yoruba (Benin)	Èdè Yorùbá (Bɛ̀nɛ̀)
kln-Latn-KE	Kalenjin (Latin, Kenya)	Kalenjin (Latin, Emetab Kenya)
da-DK	Danish (Denmark)	dansk (Danmark)
za-CN	Zhuang (China)	Vahcuengh (Cunghgoz)
nd-Latn-ZW	North Ndebele (Latin, Zimbabwe)	isiNdebele (Latin, Zimbabwe)
sv-AX	Swedish (Åland Islands)	svenska (Åland)
mfe	Morisyen	kreol morisien
pa-Guru-IN	Punjabi (Gurmukhi, India)	ਪੰਜਾਬੀ (ਗੁਰਮੁਖੀ, ਭਾਰਤ)
ru-BY	Russian (Belarus)	русский (Беларусь)
dua	Duala	duálá
pa	Punjabi	ਪੰਜਾਬੀ
es-ES	Spanish (Spain)	español (España)
ccp-BD	Chakma (Bangladesh)	𑄌𑄋𑄴𑄟𑄳𑄦 (𑄝𑄁𑄣𑄘𑄬𑄌𑄴)
frr-DE	Northern Frisian (Germany)	Nordfriisk (Germany)
am-ET	Amharic (Ethiopia)	አማርኛ (ኢትዮጵያ)
mt-Latn-MT	Maltese (Latin, Malta)	Malti (Latin, Malta)
nn-Latn-NO	Norwegian Nynorsk (Latin, Norway)	norsk nynorsk (latinsk, Noreg)
kn-IN	Kannada (India)	ಕನ್ನಡ (ಭಾರತ)
pl	Polish	polski
fr-CG	French (Congo - Brazzaville)	français (Congo-Brazzaville)
fr-CH	French (Switzerland)	français (Suisse)
blo-Latn-BJ	Anii (Latin, Benin)	anii kagɩja (latɛŋ kʊja, Benɛɛ)
fr-CI	French (Côte d’Ivoire)	français (Côte d’Ivoire)
ps	Pashto	پښتو
pt	Portuguese	português
kkj-Latn-CM	Kako (Latin, Cameroon)	kakɔ (Latin, Kamɛrun)
fr-CM	French (Cameroon)	français (Cameroun)
sg-Latn-CF	Sango (Latin, Central African Republic)	Sängö (Latin, Ködörösêse tî Bêafrîka)
az-Latn	Azerbaijani (Latin)	azərbaycan (latın)
mas-TZ	Masai (Tanzania)	Maa (Tansania)
lo-LA	Lao (Laos)	ລາວ (ລາວ)
mgh-MZ	Makhuwa-Meetto (Mozambique)	Makua (Umozambiki)
da-GL	Danish (Greenland)	dansk (Grønland)
mgh	Makhuwa-Meetto	Makua
fa-AF	Persian (Afghanistan)	فارسی (افغانستان)
fil-PH	Filipino (Philippines)	Filipino (Pilipinas)
mgo	Metaʼ	metaʼ
lkt-US	Lakota (United States)	Lakȟólʼiyapi (Mílahaŋska Tȟamákȟočhe)
ksb-TZ	Shambala (Tanzania)	Kishambaa (Tanzania)
fr-CA	French (Canada)	français (Canada)
es-HN	Spanish (Honduras)	español (Honduras)
fr-CD	French (Congo - Kinshasa)	français (Congo-Kinshasa)
fr-CF	French (Central African Republic)	français (République centrafricaine)
az-AZ	Azerbaijani (Azerbaijan)	azərbaycan (Azərbaycan)
fr-BF	French (Burkina Faso)	français (Burkina Faso)
af-ZA	Afrikaans (South Africa)	Afrikaans (Suid-Afrika)
fr-BI	French (Burundi)	français (Burundi)
qu	Quechua	Runasimi
fr-BJ	French (Benin)	français (Bénin)
fr-BL	French (St. Barthélemy)	français (Saint-Barthélemy)
brx	Bodo	बर’
kde	Makonde	Chimakonde
kl-GL	Kalaallisut (Greenland)	kalaallisut (Kalaallit Nunaat)
es-GT	Spanish (Guatemala)	español (Guatemala)
es-GQ	Spanish (Equatorial Guinea)	español (Guinea Ecuatorial)
kk-Cyrl	Kazakh (Cyrillic)	қазақ тілі (кирилл жазуы)
rm	Romansh	rumantsch
rn	Rundi	Ikirundi
ro	Romanian	română
fr-BE	French (Belgium)	français (Belgique)
ru	Russian	русский
guz-KE	Gusii (Kenya)	Ekegusii (Kenya)
rw	Kinyarwanda	Ikinyarwanda
ff-Adlm-BF	Fula (Adlam, Burkina Faso)	𞤆𞤵𞤤𞤢𞤪 (𞤀𞤁𞤂𞤢𞤃⹁ 𞤄𞤵𞤪𞤳𞤭𞤲𞤢 𞤊𞤢𞤧𞤮𞥅)
nb-NO	Norwegian Bokmål (Norway)	norsk bokmål (Norge)
kea	Kabuverdianu	kabuverdianu
gd-GB	Scottish Gaelic (United Kingdom)	Gàidhlig (An Rìoghachd Aonaichte)
pcm-NG	Nigerian Pidgin (Nigeria)	Naijíriá Píjin (Naijíria)
ug-CN	Uyghur (China)	ئۇيغۇرچە (جۇڭگو)
sa	Sanskrit	संस्कृत भाषा
sv-FI	Swedish (Finland)	svenska (Finland)
sc	Sardinian	sardu
gl-Latn-ES	Galician (Latin, Spain)	galego (latino, España)
sd	Sindhi	سنڌي
nl-Latn-NL	Dutch (Latin, Netherlands)	Nederlands (Latijns, Nederland)
se	Northern Sami	davvisámegiella
fr-DZ	French (Algeria)	français (Algérie)
gv-Latn-IM	Manx (Latin, Isle of Man)	Gaelg (Latin, Ellan Vannin)
sg	Sango	Sängö
si	Sinhala	සිංහල
sk	Slovak	slovenčina
sl	Slovenian	slovenščina
lij-IT	Ligurian (Italy)	ligure (Italia)
sn	Shona	chiShona
bho-IN	Bhojpuri (India)	भोजपुरी (भारत)
so	Somali	Soomaali
sq	Albanian	shqip
sr	Serbian	српски
bn-IN	Bangla (India)	বাংলা (ভারত)
si-LK	Sinhala (Sri Lanka)	සිංහල (ශ්‍රී ලංකාව)
st	Southern Sotho	Sesotho
su	Sundanese	Basa Sunda
fr-DJ	French (Djibouti)	français (Djibouti)
sv	Swedish	svenska
sw	Swahili	Kiswahili
es-IC	Spanish (Canary Islands)	español (Canarias)
ta	Tamil	தமிழ்
bs-Cyrl-BA	Bosnian (Cyrillic, Bosnia & Herzegovina)	босански (ћирилица, Босна и Херцеговина)
te	Telugu	తెలుగు
tg	Tajik	тоҷикӣ
th	Thai	ไทย
vmw-Latn-MZ	Makhuwa (Latin, Mozambique)	emakhuwa (latim, oMosambikhi)
ti	Tigrinya	ትግርኛ
tk	Turkmen	türkmen dili
el-POLYTON	Greek (Polytonic)	Ελληνικά (Πολυτονικό)
syr-IQ	Syriac (Iraq)	ܣܘܪܝܝܐ (ܥܝܪܩ)
tn	Tswana	Setswana
dyo	Jola-Fonyi	joola
to	Tongan	lea fakatonga
or-IN	Odia (India)	ଓଡ଼ିଆ (ଭାରତ)
tr	Turkish	Türkçe
en-US-POSIX	English (United States, Computer)	English (United States, Computer)
tt	Tatar	татар
zh-Hans-MY	Chinese (Simplified, Malaysia)	中文 (简体，马来西亚)
fr-GN	French (Guinea)	français (Guinée)
tk-Latn-TM	Turkmen (Latin, Turkmenistan)	türkmen dili (Latyn elipbiýi, Türkmenistan)
sk-SK	Slovak (Slovakia)	slovenčina (Slovensko)
fr-GP	French (Guadeloupe)	français (Guadeloupe)
fr-GQ	French (Equatorial Guinea)	français (Guinée équatoriale)
lkt-Latn-US	Lakota (Latin, United States)	Lakȟólʼiyapi (Latin, Mílahaŋska Tȟamákȟočhe)
ks-Deva-IN	Kashmiri (Devanagari, India)	कॉशुर (देवनागरी, हिंदोस्तान)
ps-Arab-AF	Pashto (Arabic, Afghanistan)	پښتو (عربي, افغانستان)
ug	Uyghur	ئۇيغۇرچە
ig-Latn-NG	Igbo (Latin, Nigeria)	Igbo (Latin, Naịjịrịa)
zh-Hans-MO	Chinese (Simplified, Macao SAR China)	中文 (简体，中国澳门特别行政区)
kgp	Kaingang	kanhgág
uk	Ukrainian	українська
fr-GA	French (Gabon)	français (Gabon)
fr-GF	French (French Guiana)	français (Guyane française)
ur	Urdu	اردو
se-FI	Northern Sami (Finland)	davvisámegiella (Suopma)
gu-IN	Gujarati (India)	ગુજરાતી (ભારત)
uz	Uzbek	o‘zbek
eu-Latn-ES	Basque (Latin, Spain)	euskara (latinoa, Espainia)
ak-GH	Akan (Ghana)	Akan (Gaana)
he-Hebr-IL	Hebrew (Hebrew, Israel)	עברית (עברי, ישראל)
fr-FR	French (France)	français (France)
as-Beng-IN	Assamese (Bangla, India)	অসমীয়া (বাংলা, ভাৰত)
vi	Vietnamese	Tiếng Việt
zh-Hant	Chinese (Traditional)	中文 (繁體)
khq	Koyra Chiini	Koyra ciini
zh-Hans	Chinese (Simplified)	中文 (简体)
kab-Latn-DZ	Kabyle (Latin, Algeria)	Taqbaylit (Latin, Lezzayer)
mfe-MU	Morisyen (Mauritius)	kreol morisien (Moris)
sr-Cyrl	Serbian (Cyrillic)	српски (ћирилица)
ff-Latn-BF	Fula (Latin, Burkina Faso)	Pulaar (Latin, Burkibaa Faaso)
yrl-CO	Nheengatu (Colombia)	ñengatú (Kurũbiya)
bem-Latn-ZM	Bemba (Latin, Zambia)	Ichibemba (Latin, Zambia)
gaa	Ga	Gã
es-NI	Spanish (Nicaragua)	español (Nicaragua)
ru-KZ	Russian (Kazakhstan)	русский (Казахстан)
syr	Syriac	ܣܘܪܝܝܐ
he-IL	Hebrew (Israel)	עברית (ישראל)
ann-NG	Obolo (Nigeria)	Obolo (Nigeria)
bho-Deva-IN	Bhojpuri (Devanagari, India)	भोजपुरी (देवानागारी, भारत)
fur-Latn-IT	Friulian (Latin, Italy)	furlan (latin, Italie)
my-Mymr-MM	Burmese (Myanmar, Myanmar (Burma))	မြန်မာ (မြန်မာ/ မြန်မာ)
lt-Latn-LT	Lithuanian (Latin, Lithuania)	lietuvių (lotynų, Lietuva)
wo	Wolof	Wolof
zgh	Standard Moroccan Tamazight	ⵜⴰⵎⴰⵣⵉⵖⵜ
yrl-BR	Nheengatu (Brazil)	nheẽgatu (Brasiu)
ast-Latn-ES	Asturian (Latin, Spain)	asturianu (llatín, España)
ewo-CM	Ewondo (Cameroon)	ewondo (Kamərún)
vun-TZ	Vunjo (Tanzania)	Kyivunjo (Tanzania)
jmc-Latn-TZ	Machame (Latin, Tanzania)	Kimachame (Latin, Tanzania)
kkj-CM	Kako (Cameroon)	kakɔ (Kamɛrun)
szl	Silesian	ślōnski
fr-HT	French (Haiti)	français (Haïti)
mni	Manipuri	মৈতৈলোন্
ru-KG	Russian (Kyrgyzstan)	русский (Киргизия)
sr-BA	Serbian (Bosnia & Herzegovina)	српски (Босна и Херцеговина)
bas-CM	Basaa (Cameroon)	Ɓàsàa (Kàmɛ̀rûn)
vec-Latn-IT	Venetian (Latin, Italy)	veneto (latin, Italia)
xh	Xhosa	IsiXhosa
yue-Hant	Cantonese (Traditional)	粵語 (繁體)
es-MX	Spanish (Mexico)	español (México)
hr-BA	Croatian (Bosnia & Herzegovina)	hrvatski (Bosna i Hercegovina)
et-Latn-EE	Estonian (Latin, Estonia)	eesti (ladina, Eesti)
yue-Hans	Cantonese (Simplified)	粤语 (简体)
hi-Deva-IN	Hindi (Devanagari, India)	हिन्दी (देवनागरी, भारत)
wo-SN	Wolof (Senegal)	Wolof (Senegaal)
pa-Arab-PK	Punjabi (Arabic, Pakistan)	پنجابی (عربی, پاکستان)
es-PH	Spanish (Philippines)	español (Filipinas)
ps-PK	Pashto (Pakistan)	پښتو (پاکستان)
fa-IR	Persian (Iran)	فارسی (ایران)
kkj	Kako	kakɔ
tr-Latn-TR	Turkish (Latin, Türkiye)	Türkçe (Latin, Türkiye)
es-PE	Spanish (Peru)	español (Perú)
sd-Arab-PK	Sindhi (Arabic, Pakistan)	سنڌي (عربي, پاڪستان)
mgo-CM	Metaʼ (Cameroon)	metaʼ (Kamalun)
yi	Yiddish	ייִדיש
yo	Yoruba	Èdè Yorùbá
mai-IN	Maithili (India)	मैथिली (भारत)
tn-ZA	Tswana (South Africa)	Setswana (Aforika Borwa)
es-PY	Spanish (Paraguay)	español (Paraguay)
mni-Beng-IN	Manipuri (Bangla, India)	মৈতৈলোন্ (বাংলা, ইন্দিয়া)
fr-KM	French (Comoros)	français (Comores)
vai	Vai	ꕙꔤ
es-PR	Spanish (Puerto Rico)	español (Puerto Rico)
za-Latn-CN	Zhuang (Latin, China)	Vahcuengh (Lahdinghvwnz, Cunghgoz)
ff-Adlm-GN	Fula (Adlam, Guinea)	𞤆𞤵𞤤𞤢𞤪 (𞤀𞤁𞤂𞤢𞤃⹁ 𞤘𞤭𞤲𞤫)
ff-Adlm-GM	Fula (Adlam, Gambia)	𞤆𞤵𞤤𞤢𞤪 (𞤀𞤁𞤂𞤢𞤃⹁ 𞤘𞤢𞤥𞤦𞤭𞤴𞤢)
za	Zhuang	Vahcuengh
mr-Deva-IN	Marathi (Devanagari, India)	मराठी (देवनागरी, भारत)
ff-Adlm-GH	Fula (Adlam, Ghana)	𞤆𞤵𞤤𞤢𞤪 (𞤀𞤁𞤂𞤢𞤃⹁ 𞤘𞤢𞤲𞤢)
ht-HT	Haitian Creole (Haiti)	Kreyòl Ayisyen (Haïti)
yue-Hant-CN	Cantonese (Traditional, China)	粵語 (繁體，中國)
ccp-Cakm-BD	Chakma (Chakma, Bangladesh)	𑄌𑄋𑄴𑄟𑄳𑄦 (𑄌𑄇𑄴𑄟, 𑄝𑄁𑄣𑄘𑄬𑄌𑄴)
kln	Kalenjin	Kalenjin
zh	Chinese	中文
ru-MD	Russian (Moldova)	русский (Молдова)
es-PA	Spanish (Panama)	español (Panamá)
mn-MN	Mongolian (Mongolia)	монгол (Монгол)
pis-SB	Pijin (Solomon Islands)	Pijin (Solomon Aelan)
ml-IN	Malayalam (India)	മലയാളം (ഇന്ത്യ)
nb-SJ	Norwegian Bokmål (Svalbard & Jan Mayen)	norsk bokmål (Svalbard og Jan Mayen)
ff-Adlm-GW	Fula (Adlam, Guinea-Bissau)	𞤆𞤵𞤤𞤢𞤪 (𞤀𞤁𞤂𞤢𞤃⹁ 𞤘𞤭𞤲𞤫-𞤄𞤭𞤧𞤢𞤱𞤮𞥅)
da-Latn-DK	Danish (Latin, Denmark)	dansk (latinsk, Danmark)
sr-CS	Serbian (Serbia and Montenegro)	српски (Serbia and Montenegro)
zu	Zulu	isiZulu
nd-ZW	North Ndebele (Zimbabwe)	isiNdebele (Zimbabwe)
fr-MQ	French (Martinique)	français (Martinique)
fr-MR	French (Mauritania)	français (Mauritanie)
fr-MU	French (Mauritius)	français (Maurice)
id-ID	Indonesian (Indonesia)	Indonesia (Indonesia)
zgh-MA	Standard Moroccan Tamazight (Morocco)	ⵜⴰⵎⴰⵣⵉⵖⵜ (ⵍⵎⵖⵔⵉⴱ)
sc-IT	Sardinian (Italy)	sardu (Itàlia)
fr-MA	French (Morocco)	français (Maroc)
vai-Latn	Vai (Latin)	Vai (Latin)
fr-MC	French (Monaco)	français (Monaco)
fr-MF	French (St. Martin)	français (Saint-Martin)
doi-IN	Dogri (India)	डोगरी (भारत)
fr-MG	French (Madagascar)	français (Madagascar)
jv-ID	Javanese (Indonesia)	Jawa (Indonésia)
se-Latn-NO	Northern Sami (Latin, Norway)	davvisámegiella (láhtenaš, Norga)
fr-ML	French (Mali)	français (Mali)
ta-Taml-IN	Tamil (Tamil, India)	தமிழ் (தமிழ், இந்தியா)
kam-KE	Kamba (Kenya)	Kikamba (Kenya)
jv-Latn-ID	Javanese (Latin, Indonesia)	Jawa (Latin, Indonésia)
sc-Latn-IT	Sardinian (Latin, Italy)	sardu (latinu, Itàlia)
fr-LU	French (Luxembourg)	français (Luxembourg)
sq-Latn-AL	Albanian (Latin, Albania)	shqip (latin, Shqipëri)
no-NO	Norwegian (Norway)	norsk (Norge)
mzn-IR	Mazanderani (Iran)	مازرونی (ایران)
zh-Hans-HK	Chinese (Simplified, Hong Kong SAR China)	中文 (简体，中国香港特别行政区)
kw-GB	Cornish (United Kingdom)	kernewek (Rywvaneth Unys)
yo-NG	Yoruba (Nigeria)	Èdè Yorùbá (Nàìjíríà)
ky-KG	Kyrgyz (Kyrgyzstan)	кыргызча (Кыргызстан)
ebu	Embu	Kĩembu
ko-Kore-KR	Korean (Korean, South Korea)	한국어 (한국 문자, 대한민국)
rw-RW	Kinyarwanda (Rwanda)	Ikinyarwanda (U Rwanda)
ii-Yiii-CN	Sichuan Yi (Yi, China)	ꆈꌠꉙ (ꆈꌠꁱꂷ，ꍏꇩ)
kok	Konkani	कोंकणी
nnh-Latn-CM	Ngiemboon (Latin, Cameroon)	Shwóŋò ngiembɔɔn (Latin, Kàmalûm)
ug-Arab-CN	Uyghur (Arabic, China)	ئۇيغۇرچە (ئەرەب، جۇڭگو)
chr-Cher-US	Cherokee (Cherokee, United States)	ᏣᎳᎩ (ᏣᎳᎩ, ᏌᏊ ᎢᏳᎾᎵᏍᏔᏅ ᏍᎦᏚᎩ)
de-Latn-DE	German (Latin, Germany)	Deutsch (Lateinisch, Deutschland)
uk-UA	Ukrainian (Ukraine)	українська (Україна)
vec	Venetian	veneto
mni-Beng	Manipuri (Bangla)	মৈতৈলোন্ (বাংলা)
kde-Latn-TZ	Makonde (Latin, Tanzania)	Chimakonde (Latin, Tanzania)
st-LS	Southern Sotho (Lesotho)	Sesotho (Lesotho)
kde-TZ	Makonde (Tanzania)	Chimakonde (Tanzania)
ie-Latn-EE	Interlingue (Latin, Estonia)	Interlingue (latin, Estonia)
ff-Adlm-CM	Fula (Adlam, Cameroon)	𞤆𞤵𞤤𞤢𞤪 (𞤀𞤁𞤂𞤢𞤃⹁ 𞤑𞤢𞤥𞤢𞤪𞤵𞥅𞤲)
cv-Cyrl-RU	Chuvash (Cyrillic, Russia)	чӑваш (кириллица, Раҫҫей)
hr-HR	Croatian (Croatia)	hrvatski (Hrvatska)
se-NO	Northern Sami (Norway)	davvisámegiella (Norga)
fil-Latn-PH	Filipino (Latin, Philippines)	Filipino (Latin, Pilipinas)
ha-GH	Hausa (Ghana)	Hausa (Gana)
fr-NC	French (New Caledonia)	français (Nouvelle-Calédonie)
kxv-Telu-IN	Kuvi (Telugu, India)	కువి (తెలుగు, బారతదెసాం)
fr-NE	French (Niger)	français (Niger)
mua	Mundang	MUNDAŊ
shi-Latn	Tachelhit (Latin)	Tashelḥiyt (Latin)
es-SV	Spanish (El Salvador)	español (El Salvador)
sv-SE	Swedish (Sweden)	svenska (Sverige)
lg-Latn-UG	Ganda (Latin, Uganda)	Luganda (Latin, Yuganda)
id-Latn-ID	Indonesian (Latin, Indonesia)	Indonesia (Latin, Indonesia)
sa-IN	Sanskrit (India)	संस्कृत भाषा (भारतः)
bs-Latn-BA	Bosnian (Latin, Bosnia & Herzegovina)	bosanski (latinica, Bosna i Hercegovina)
zh-Hans-CN	Chinese (Simplified, China)	中文 (简体，中国)
fr-RE	French (Réunion)	français (La Réunion)
yue-Hant-HK	Cantonese (Traditional, Hong Kong SAR China)	粵語 (繁體，中國香港特別行政區)
mua-CM	Mundang (Cameroon)	MUNDAŊ (kameruŋ)
rm-CH	Romansh (Switzerland)	rumantsch (Svizra)
uz-Cyrl	Uzbek (Cyrillic)	ўзбекча (Кирил)
fa-Arab-IR	Persian (Arabic, Iran)	فارسی (عربی، ایران)
nb-Latn-NO	Norwegian Bokmål (Latin, Norway)	norsk bokmål (latinsk, Norge)
tt-Cyrl-RU	Tatar (Cyrillic, Russia)	татар (кирилл, Россия)
th-TH	Thai (Thailand)	ไทย (ไทย)
tn-Latn-ZA	Tswana (Latin, South Africa)	Setswana (Selatine, Aforika Borwa)
kxv-Latn-IN	Kuvi (Latin, India)	kuvi (laṭin, inḍiā)
es-US	Spanish (United States)	español (Estados Unidos)
is-IS	Icelandic (Iceland)	íslenska (Ísland)
yav-Latn-CM	Yangben (Latin, Cameroon)	nuasue (Latin, Kemelún)
en-Latn-US	English (Latin, United States)	English (Latin, United States)
th-Thai-TH	Thai (Thai, Thailand)	ไทย (ไทย, ไทย)
fr-PF	French (French Polynesia)	français (Polynésie française)
es-VE	Spanish (Venezuela)	español (Venezuela)
ru-RU	Russian (Russia)	русский (Россия)
cgg-UG	Chiga (Uganda)	Rukiga (Uganda)
bgc-IN	Haryanvi (India)	हरियाणवी (भारत)
ses-Latn-ML	Koyraboro Senni (Latin, Mali)	Koyraboro senni (Latin, Maali)
doi-Deva-IN	Dogri (Devanagari, India)	डोगरी (देवनागरी, भारत)
fr-PM	French (St. Pierre & Miquelon)	français (Saint-Pierre-et-Miquelon)
ksb	Shambala	Kishambaa
es-UY	Spanish (Uruguay)	español (Uruguay)
gu-Gujr-IN	Gujarati (Gujarati, India)	ગુજરાતી (ગુજરાતી, ભારત)
ksf	Bafia	rikpa
